#BurlyTheFirst,1
#Walistambo,3
#FashyFreddyMercury,4
#AuntRageFace,5
#JoshuaBlack,6
#LarryBrock,6
#MAGAmessagetaker,9
#WildDog,10
#OregonFordLover,11
#TanTuxedo,11
#FoggyBluto,13
#ChinDiaper,14
#BrownSuedeInsider,15
#AlbertCiarpelli,17
#ChinCurtain20,20
#SimoneGold,21
#JohnStrand,21
#WilliamWatson,22
#NicholasRodean,23
#FurryFoxGuy,24
#JonRyanSchaffer,25
#PapaTourGuide,26
#RedBucketHole,27
#KevinLoftus,28
#EmilyHernandez,29
#KevinSeefried,30
#BatBoy,31
#WildProtestBro,32
#SmugMugInsider,33
#JoshuaWagner,34
#ToothScraggle,35
#GrandpaFlagScarf,38
#NauticaInsider,39
#ShutterBreaker,40
#ElfNazi,42
#Spazzo,43
#BlackQShirt,44
#FuzzyPinhead,45
#BetaKappaMaga,48
#MoreTreesGuy,49
#YoungSkullMan,50
#WhiteHoodie,51
#OldTexasHelmet,52
#ComeOnBlue,53
#GreenGramps,54
#RedPoloRising,56
#Turbo57,57
#Sean59AFO,59
#HatHag,60
#UglyGunSweater,61
#ThePinMan,62
#GasHat,63
#ShaggyProfessor,64
#HeadBandage,65
#BabyFaceInsider,66
#SeattleUWGuy,67
#TerroristGreyBeard,68
#CasperInsider,69
#ConfusedInsider,70
#LongScarfBoy,71
#OhBoyInsider,72
#MatthewPerna,73
#LionManeInsider,74
#BlueBlockerInsider,75
#TreasonIsTiring,76
#CapitolBoyBand,77
#PeterHarding,78
#HelmetBoy,79
#Caveman,80
#BlueLivesWolfman,81
#SleevelessRedTattoos,82
#PeeweeGrayMan,85
#TunnelCommander,86
#TurtleneckTrumper,88
#CryBeardBrawler,89
#TealFace,90
#PlaidLad,91
#BlackFlagDoorMan,92
#SeriousForehead,93
#PinStripeBoilerSuit,94
#GreenPufferUndercover,95
#OrangeGlowHead,96
#ProudboyCowboy,97
#LuigiStacheCamo,99
#GreenSprayGuy,100
#101AFO,101
#skellefteaamannen,102
#BeardedMirror,103
#SideEyeGrayHat,104
#CraigBingert,105
#Fingerman,106
#ChairGuy,107
#HighFiveCowboy,108
#CranberryOaf,109
#Unlucky13,111
#HitlerStalinMaoTshirt,112
#TheWincer,113
#MarineHatMask,114
#BuffaloBreacher,115
#AscendDad,116
#BearSprayMan,120
#TunnelAccountant,121
#SweatyTanCoat,122
#StripesGuy,123
#CliffFromOhio,124
#FleeceNazi,125
#TunnelNeighbor,126
#PDXPB,127
#PDXPBCompletesMe,127
#CatSweat,128
#TweedleDumb,129
#Scallops,130
#Slickback,131
#OrangeGoggleSpiker,132
#PTSDPuncher,133
#ThreePercentSheriff,134
#FYF_shirt,135
#BusinessCasualRioter,136
#CapitolWig,137
#BaldEagle,138
#BloodyHeadWound,139
#CapitolShrew,140
#SweaterHead,141
#IronworkerGuy,142
#SlimMcTreason,143
#EyeGouger,145
#OuttaHereGreyHood,146
#BluePatch,147
#BlackSkiMask,148
#BandanaWolverine,149
#ScrawnyTunnel76,150
#EyeShutPinkMask,151
#StarSpangledEar,152
#EmoNazi,153
#CommanderCamo,154
#FlagCapeInsider,155
#UnderArmourDarkShades,156
#RedPlaidPylonThrower,157
#BigBrickPitcher,158
#NYLongCoat,159
#BlueSteelWorker,160
#RyanNichols,161
#TexasFlagPole,162
#DirtyChinTickler,163
#HarleyJacketBatonMan,164
#WhitePowerBuff,165
#FBI166AFO,166
#RacistValkNut,167
#GrayCarharttHat,168
#DamonBeckley,169
#BoyInTheHood,170
#DrunkenTrashStache,171
#BlackHatSprayer,172
#RonniePresley,173
#FBI174AOM,174
#FBI175AOM,175
#BlueTigerBeat,176
#JamesDeanWannabe,177
#BatonThief,178
#80sShades,179
#NelsonPostThrower,180
#BigBlueDude,181
#BuffLightYear,182
#FrontSightBeardMan,183
#RedSlenderMan,184
#CrispWhiteRiot,185
#MAGAHeadRoom,186
#BlackNTanGuy,187
#ClipperGlitch,188
#Zionor,189
#MuttonTrump,190
#GrandpaYellowHands,191
#GreenBandanaMan,192
#GreyBeanieMeanie,193
#GreyRangeAOM,194
#CamoCrazyEyes,195
#DisgruntledNonVoter,196
#BlackBonoHelmet,199
#CowPoke,200
#CamCrusher,201
#StringyPlaid,202
#HarleySmashAOM,203
#ImGabeBrown,204
#MrMunsterAOM,205
#DenimDumperAOM,206
#MaroonBinocularBoy,207
#GadsdenPouch,208
#MediaCartWheelerAOM,209
#DirtyPhoneCallerAOM,210
#BostonWhiteBeanAOM,211
#UncleGreyHat,212
#MotoMediaSmash,213
#TanOnCamo,214
#GeorgesCross,215
#GreenFlagGloves,216
#InGodITrustRioter,218
#KingstonAsh,219
#LeatherHanesHisWay,220
#TricornTraitor,221
#RaybanTerrorist,222
#YellowLensAOM,222
#WatertovCocktail,223
#AirHeadBoy,224
#AirHeadBoyTwin,224
#AirHeadLady,225
#VibratingHatMan,226
#SourOK,228
#LeadPipeGuy,229
#YellowScarfYeti,230
#CranOceanSprayer,231
#HellishHansen,232
#BrownBeanieJAG,233
#VinnieVegemite,234
#BugGoggles,235
#AllGreenGuy,237
#AllBlackTrumpHat,238
#PoserKate,239
#WindowCheerleader,240
#YellowZipSkulker,241
#FreshmanFlagger,242
#FlackWhacker,243
#LordLongHair,244
#MuttonTail,245
#FloridaFlagJacket,246
#GQCamoGaiter,247
#NineLineBlue,248
#ViperCap,249
#BlueSquirtle,250
#HoopsNWhoops,251
#SillyTheKid,252
#ShaggyExterminator,253
#TrumpUGrad,254
#GreenHornHoodlum,255
#TexasPleather,256
#PoleTosser,258
#HarryFord,259
#MrBeanAFO,260
#BlackGreyFlannel,261
#CamoHeadPusher,262
#BadSamaritanGrey,263
#BeardedHammer,264
#BlackCrowdSurfer,265
#ScaryCherry3P,266
#TacklingDummy,267
#MaceNHammer,268
#TreasonTwoStep,269
#GrimesMcGruff,270
#YoungGuyBurgundyHood,271
#ZZTopPB,272
#MaroonPB,273
#TreasonEagleScout,274
#FashNSlash,276
#InfoSprayer,277
#GreenHeavySprayer,278
#TanTunnelBeard,279
#WhiteGloveSprayer,280
#CamoGaiterSprayer,281
#BlondeSprayer,282
#CarharttWasp,283
#FenceSnatcher,284
#BluePlaidSprayer,285
#LittleManSprayer,286
#PointlessTraitor,288
#WimpyThor,289
#BlackEyeMerlin,290
#PapaGruntStick,291
#YellyTrumpHead,292
#MAGAlagoDad,293
#MidWhiteCrisis,294
#ShadesOfCrime,295
#MadMongrel,296
#LeatherCandyStripes,297
#AmoralKombat,298
#LongPoleMan,299
#RedOnRedGlasses,300
#WhiteLogoInsider,301
#TwoBlueJacket,302
#HuskyMarioInsider,303
#MrFlyEyes,304
#TanCranKid,305
#BuffaloCheckMate,306
#GunsHoodieNS,307
#BananaBack,308
#FlagPants,309
#BlackBedHead,310
#OldAngryBird,313
#MotoMusketeer,314
#MagaButtonMan,315
#WhiteHockeyHoodie,316
#FluffyMcGreen,317
#NeedsPruneJuice,318
#SageCopWhacker,319
#GingerJuggerNot,320
#KidRailing,321
#ThirdBaseRoach,322
#TunnelTanSpecs,323
#JohnSprayne,324
#DJBrawnyBaton,325
#GreyscaleScreamer,326
#SunshineBeanie,327
#RedSkiHat,328
#ChudChadPB,329
#SkulkingSprayer,330
#TunnelPusher,332
#GreenLawnGnome,333
#UncleStumpy,334
#OleBurnsides,335
#YellowTipSprayer,336
#BlackPufferWhiteScarf,337
#GrabbyGrappler,338
#ParadeCharade,339
#TanPantsTattler,340
#SundanceReady,341
#NappyPatty,342
#GingerGun,343
#YellowFrameSprayer,344
#WrigleyFieldGuy,345
#BeigeBowlTroll,346
#BigRedTorso,347
#FlatCapAttacker,348
#BluePlaidHobgoblin,349
#MagaLongPinkie,350
#BiffKlannen,351
#TwoPackBatter,352
#KlakBlackHood,353
#SmallMouthSass,354
#Beardvana,356
#GoodPushArthur,357
#SnapOnStork,358
#DukeFlukem,359
#MaroonCap,360
#VestedMess,361
#SwingerGramps,362
#SprayingMantis,363
#BatonNabber,364
#WildBossMan,365
#WeekendAtErnies,366
#SkiJumpHoodie,367
#StarsNGripes,368
#CapitolMartian,369
#SilverGizzard,370
#BlueFightSpecial,371
#ShadeScreamer,372
#MustyMichigan,373
#CoatWStripeCamo,374
#BeardedGremlin,375
#DeepBlueSquander,376
#GingerFinger,377
#GingerChinPelt,378
#NoYouBehave,379
#AshGrabber,380
#TrumptyDumpty,381
#ConstructionVestCowboy,382
#RottenOlive,383
#LynyrdSinner,384
#MossToneSprayer,385
#GooberKnocker,386
#CoveredDraggin,387
#WhippingCane,388
#OakleyBro,389
#DaltonCrase,390
#LemonGrey,391
#FoldingGreen,392
#BigRedRager,393
#BigOrangeBrawler,394
#BlackHoodieSprayer,395
#FieryQuakerOats,396
#ShieldGrampy,397
#SneakyBlinders,398
#FlagGaiterCopHater,399
#FlagPoleBreaker,400
#TeddyHead,401
#BareSpare,402
#MoleyRoller,403
#IgorTheGrey,404
#TrumpyValentine,405
#StacheBandit,406
#EarnhardtPB,407
#SkullGreedo,408
#KidHornet,409
#BrownCanvasBeaker,410
#ParrotMediaGuy,411
#NotGrizzly,412
#GreenBeanstalk,413
#Plumbledore,414
#Plaid45,415
#BananaBrat,416
#TableLegWhacker,417
#BringEnoughGunVet,418
#RiotingGolfer,419
#MonsterSanta,420
#DirtyShoesRedHat,421
#BlowfishAFO,422
#SenatePenguin,423
#BlueMediaTumbler,424
#SteamPunkLunk,425
#UncleBrownHoser,427
#RedNinjaSprayer,428
#FoggyCycler,433
#KhakiLackey,434
#BeardedPlaidGoggles,436
#SmilesPB,437
#TealScrambler,438
#SkulletSpray,439
#CapedQSader,440
#WhiteGlovesPoker,440
#PlaidShowdown,441
#CapitolWorm,442
#ShawlBrawl,443
#ABCBigPack,445
#GingerLongLashes,452
#RumpledBeet,453
#TrumpZombie,454
#LeatherTent,455
#BrianGundersen,456
#TheHumanMatchstick,457
#TrumpTomato,458
#ChumpyTrumpFace,459
#RebelScream,460
#BlueShadyFox,461
#TrumpedUpKicks,462
#CheckeredChucker,463
#MangledManbun,464
#GassyStoolSlinger,468
#BlueJavelin,469
#HiHoSilverKnob,470
#RailMixer,471
#RabidCabbage,472
#HunterSeefried,41